motif_ID	motif_ALT_ID	motif_Score	seq_ID	seq_Score	seq_Class	is_holdout?
1-ATTTACTCAG	STREME-1	1.9e-012	LT906662_658649-658654	15.34	tp	0
1-ATTTACTCAG	STREME-1	1.9e-012	LT906662_658968-658974	15.34	tp	0
1-ATTTACTCAG	STREME-1	1.9e-012	LT906662_658544-658547	15.34	tp	0
1-ATTTACTCAG	STREME-1	1.9e-012	LT906662_658944-658947	15.34	tp	0
1-ATTTACTCAG	STREME-1	1.9e-012	LT906662_658516-658520	15.34	tp	0
1-ATTTACTCAG	STREME-1	1.9e-012	LT906662_658570-658574	15.34	tp	0
1-ATTTACTCAG	STREME-1	1.9e-012	LT906662_658756-658760	15.34	tp	0
1-ATTTACTCAG	STREME-1	1.9e-012	LT906662_658439-658440	15.34	tp	0
1-ATTTACTCAG	STREME-1	1.9e-012	LT906662_658891-658894	15.34	tp	0
1-ATTTACTCAG	STREME-1	1.9e-012	LT906662_658863-658867	15.34	tp	0
1-ATTTACTCAG	STREME-1	1.9e-012	LT906662_658623-658627	15.34	tp	0
1-ATTTACTCAG	STREME-1	1.9e-012	LT906662_658780-658787	15.34	tp	0
1-ATTTACTCAG	STREME-1	1.9e-012	LT906662_658837-658840	15.34	tp	0
1-ATTTACTCAG	STREME-1	1.9e-012	LT906662_658730-658734	15.34	tp	0
1-ATTTACTCAG	STREME-1	1.9e-012	LT906662_658462-658467	15.34	tp	0
1-ATTTACTCAG	STREME-1	1.9e-012	LT906662_658490-658494	15.34	tp	0
1-ATTTACTCAG	STREME-1	1.9e-012	LT906662_658703-658707	15.34	tp	0
1-ATTTACTCAG	STREME-1	1.9e-012	LT906662_658596-658600	15.34	tp	0
1-ATTTACTCAG	STREME-1	1.9e-012	LT906662_658810-658814	15.34	tp	0
1-ATTTACTCAG	STREME-1	1.9e-012	LT906662_658916-658920	15.34	tp	0
1-ATTTACTCAG	STREME-1	1.9e-012	LT906662_658676-658680	15.34	tp	0
#
2-CTACAAAAATTTGAA	STREME-2	1.9e-012	LT906662_658649-658654	17.69	tp	0
2-CTACAAAAATTTGAA	STREME-2	1.9e-012	LT906662_658968-658974	17.69	tp	0
2-CTACAAAAATTTGAA	STREME-2	1.9e-012	LT906662_658544-658547	17.69	tp	0
2-CTACAAAAATTTGAA	STREME-2	1.9e-012	LT906662_658944-658947	17.69	tp	0
2-CTACAAAAATTTGAA	STREME-2	1.9e-012	LT906662_658516-658520	17.69	tp	0
2-CTACAAAAATTTGAA	STREME-2	1.9e-012	LT906662_658570-658574	17.69	tp	0
2-CTACAAAAATTTGAA	STREME-2	1.9e-012	LT906662_658756-658760	17.69	tp	0
2-CTACAAAAATTTGAA	STREME-2	1.9e-012	LT906662_658439-658440	17.69	tp	0
2-CTACAAAAATTTGAA	STREME-2	1.9e-012	LT906662_658891-658894	17.69	tp	0
2-CTACAAAAATTTGAA	STREME-2	1.9e-012	LT906662_658863-658867	17.69	tp	0
2-CTACAAAAATTTGAA	STREME-2	1.9e-012	LT906662_658623-658627	17.69	tp	0
2-CTACAAAAATTTGAA	STREME-2	1.9e-012	LT906662_658780-658787	17.69	tp	0
2-CTACAAAAATTTGAA	STREME-2	1.9e-012	LT906662_658837-658840	17.69	tp	0
2-CTACAAAAATTTGAA	STREME-2	1.9e-012	LT906662_658730-658734	17.69	tp	0
2-CTACAAAAATTTGAA	STREME-2	1.9e-012	LT906662_658462-658467	17.69	tp	0
2-CTACAAAAATTTGAA	STREME-2	1.9e-012	LT906662_658490-658494	17.69	tp	0
2-CTACAAAAATTTGAA	STREME-2	1.9e-012	LT906662_658703-658707	17.69	tp	0
2-CTACAAAAATTTGAA	STREME-2	1.9e-012	LT906662_658596-658600	17.69	tp	0
2-CTACAAAAATTTGAA	STREME-2	1.9e-012	LT906662_658810-658814	17.69	tp	0
2-CTACAAAAATTTGAA	STREME-2	1.9e-012	LT906662_658916-658920	17.69	tp	0
2-CTACAAAAATTTGAA	STREME-2	1.9e-012	LT906662_658676-658680	17.69	tp	0
#
3-AGGAATTCACAA	STREME-3	4.1e-011	LT906662_658649-658654	15.13	tp	0
3-AGGAATTCACAA	STREME-3	4.1e-011	LT906662_658968-658974	15.13	tp	0
3-AGGAATTCACAA	STREME-3	4.1e-011	LT906662_658544-658547	15.13	tp	0
3-AGGAATTCACAA	STREME-3	4.1e-011	LT906662_658944-658947	15.13	tp	0
3-AGGAATTCACAA	STREME-3	4.1e-011	LT906662_658516-658520	15.13	tp	0
3-AGGAATTCACAA	STREME-3	4.1e-011	LT906662_658570-658574	15.13	tp	0
3-AGGAATTCACAA	STREME-3	4.1e-011	LT906662_658756-658760	15.13	tp	0
3-AGGAATTCACAA	STREME-3	4.1e-011	LT906662_658891-658894	15.13	tp	0
3-AGGAATTCACAA	STREME-3	4.1e-011	LT906662_658863-658867	15.13	tp	0
3-AGGAATTCACAA	STREME-3	4.1e-011	LT906662_658623-658627	15.13	tp	0
3-AGGAATTCACAA	STREME-3	4.1e-011	LT906662_658780-658787	15.13	tp	0
3-AGGAATTCACAA	STREME-3	4.1e-011	LT906662_658837-658840	15.13	tp	0
3-AGGAATTCACAA	STREME-3	4.1e-011	LT906662_658730-658734	15.13	tp	0
3-AGGAATTCACAA	STREME-3	4.1e-011	LT906662_658462-658467	15.13	tp	0
3-AGGAATTCACAA	STREME-3	4.1e-011	LT906662_658490-658494	15.13	tp	0
3-AGGAATTCACAA	STREME-3	4.1e-011	LT906662_658703-658707	15.13	tp	0
3-AGGAATTCACAA	STREME-3	4.1e-011	LT906662_658596-658600	15.13	tp	0
3-AGGAATTCACAA	STREME-3	4.1e-011	LT906662_658810-658814	15.13	tp	0
3-AGGAATTCACAA	STREME-3	4.1e-011	LT906662_658916-658920	15.13	tp	0
3-AGGAATTCACAA	STREME-3	4.1e-011	LT906662_658676-658680	15.13	tp	0
#
4-ACMATKGT	STREME-4	2.4e-001	LT906662_658968-658974	18.12	tp	0
4-ACMATKGT	STREME-4	2.4e-001	LT906662_658780-658787	3.55	tp	0
